CPU_Usage,Replicas,Request_Cores,RPS
0.1705032908927592,20.043000000000003,8.0,30.848333333333336
