CPU_Usage,Replicas,Request_Cores,RPS
0.1720893800977439,23.843000000000004,11.8,34.11
