CPU_Usage,Replicas,Request_Cores,RPS
0.18280542114007609,20.043000000000003,8.0,30.6675
