CPU_Usage,Replicas,Request_Cores,RPS
0.1855938276287263,21.743000000000002,9.7,31.76
